gensec,editor-in-chief,guest,country,date
M. S. Gorbachev (1985 - 1991),Korotych V. (1978-1986),"Аббар, Мір Абдул",Afghanistan,1985-12-18T00:00:00
M. S. Gorbachev (1985 - 1991),Mykytenko O. (1986-2000),"Аббар, Мір Абдул",Afghanistan,1991-10-04T00:00:00
L. I. Brezhnev (1964 - 1982),Korotych V. (1978-1986),"Абурто, Хуан",Nicaragua,1982-09-28T00:00:00
M. S. Gorbachev (1985 - 1991),Mykytenko O. (1986-2000),"Абдель Баку, Самір",Egypt,1990-02-14T00:00:00
M. S. Gorbachev (1985 - 1991),Korotych V. (1978-1986),"Авастхі, Раджендра",India,1985-10-04T00:00:00
M. S. Gorbachev (1985 - 1991),Mykytenko O. (1986-2000),"д’ Авіньйон, Таня",USA,1990-01-31T00:00:00
K. U. Chernenko (1984 - 1985),Korotych V. (1978-1986),"Агаті, Сальваторе",USA,1984-10-31T00:00:00
K. U. Chernenko (1984 - 1985),Korotych V. (1978-1986),"Адам, Петер",Hungary,1984-09-12T00:00:00
Y. V. Andropov (1982 - 1984),Korotych V. (1978-1986),"Акчан, Дурсум",Turkey,1983-03-23T00:00:00
Y. V. Andropov (1982 - 1984),Korotych V. (1978-1986),"Александру, Раду Ф.",Romania,1983-11-18T00:00:00
L. I. Brezhnev (1964 - 1982),Pavlychko D. (1971-1978),"Алексич, Славолюб",Yugoslavia,1977-03-23T00:00:00
L. I. Brezhnev (1964 - 1982),Korotych V. (1978-1986),"Алеман Окампо, Карло",Nicaragua,1982-09-28T00:00:00
M. S. Gorbachev (1985 - 1991),Korotych V. (1978-1986),"Альварес, Імельдо",Cuba,1985-12-13T00:00:00
K. U. Chernenko (1984 - 1985),Korotych V. (1978-1986),"Аль-Хатіб, Гуссам",Syria,1984-12-14T00:00:00
M. S. Gorbachev (1985 - 1991),Mykytenko O. (1986-2000),"Альфредо Родрігес, Мануель",Venezuela,1988-04-15T00:00:00
M. S. Gorbachev (1985 - 1991),Mykytenko O. (1986-2000),"Ангелакі-Рук, Катеріна",Greece,1989-05-15T00:00:00
M. S. Gorbachev (1985 - 1991),Mykytenko O. (1986-2000),"Андієвська, Емма",Germany,1991-06-29T00:00:00
L. I. Brezhnev (1964 - 1982),Korotych V. (1978-1986),"Андрічік, Юрай",Czechoslovak Socialist Republic(Slovakia),1981-10-28T00:00:00
L. I. Brezhnev (1964 - 1982),Poltoratskyy O. (1958-1971),"Антонов, Ніколай",Bulgaria,1968-12-31T00:00:00
L. I. Brezhnev (1964 - 1982),Poltoratskyy O. (1958-1971),"Антонов, Ніколай",Bulgaria,1969-12-31T00:00:00
M. S. Gorbachev (1985 - 1991),Mykytenko O. (1986-2000),"Анхель Олівера, Мігель",Uruguay,1988-09-06T00:00:00
L. I. Brezhnev (1964 - 1982),Pavlychko D. (1971-1978),Ань Дик,Vietnam,1977-10-11T00:00:00
Y. V. Andropov (1982 - 1984),Korotych V. (1978-1986),"Аркаш, Йон",Romania,1983-12-06T00:00:00
M. S. Gorbachev (1985 - 1991),Mykytenko O. (1986-2000),"Арнасон, Девід",Canada,1991-05-14T00:00:00
K. U. Chernenko (1984 - 1985),Korotych V. (1978-1986),"Асусена Торрес, Альба",Nicaragua,1984-07-03T00:00:00
K. U. Chernenko (1984 - 1985),Korotych V. (1978-1986),Ататі С.,USA,1984-10-15T00:00:00
L. I. Brezhnev (1964 - 1982),Pavlychko D. (1971-1978),А Аунг Чжо,Myanmar,1974-10-23T00:00:00
L. I. Brezhnev (1964 - 1982),Korotych V. (1978-1986),"Аух’єр, Анхель",Cuba,1978-09-12T00:00:00
L. I. Brezhnev (1964 - 1982),Pavlychko D. (1971-1978),"Ашк, Упендранатх",India,1974-05-31T00:00:00
L. I. Brezhnev (1964 - 1982),Pavlychko D. (1971-1978),Баасакжав О.,Mongolia,1974-09-07T00:00:00
M. S. Gorbachev (1985 - 1991),Mykytenko O. (1986-2000),"Багрій, Романа",Canada,1989-08-31T00:00:00
L. I. Brezhnev (1964 - 1982),Pavlychko D. (1971-1978),"Бажо, Мартон",Hungary,1978-05-30T00:00:00
Y. V. Andropov (1982 - 1984),Korotych V. (1978-1986),"Бажо, Мартон",Hungary,1983-01-28T00:00:00
M. S. Gorbachev (1985 - 1991),Mykytenko O. (1986-2000),"Баку(Бакі), Самір Абдель",Egypt,1990-02-14T00:00:00
M. S. Gorbachev (1985 - 1991),Mykytenko O. (1986-2000),"Балан, Ярослав",Canada,1990-09-12T00:00:00
L. I. Brezhnev (1964 - 1982),Pavlychko D. (1971-1978),"Балла, Дюла",Hungary,1976-09-24T00:00:00
M. S. Gorbachev (1985 - 1991),Mykytenko O. (1986-2000),Бао Венді,China,1989-07-27T00:00:00
K. U. Chernenko (1984 - 1985),Korotych V. (1978-1986),"Банзрагч, Біленгтійн",Mongolia,1984-10-26T00:00:00
M. S. Gorbachev (1985 - 1991),Mykytenko O. (1986-2000),"Бар-Йосеф, Хамуталь",Israel,1991-09-27T00:00:00
L. I. Brezhnev (1964 - 1982),Pavlychko D. (1971-1978),Барбан X.,Cuba,1974-09-26T00:00:00
M. S. Gorbachev (1985 - 1991),Mykytenko O. (1986-2000),"Барлоу, Артур",USA,1991-03-29T00:00:00
L. I. Brezhnev (1964 - 1982),Pavlychko D. (1971-1978),"Барналай, Махмуд",Afghanistan,1976-11-04T00:00:00
L. I. Brezhnev (1964 - 1982),Pavlychko D. (1971-1978),Бачкув Ю.,Poland,1975-12-31T00:00:00
K. U. Chernenko (1984 - 1985),Korotych V. (1978-1986),"Бгарадваджа, Равурі",India,1984-08-20T00:00:00
M. S. Gorbachev (1985 - 1991),Mykytenko O. (1986-2000),"Бгаттачар’я, Набарун",India,1986-12-23T00:00:00
L. I. Brezhnev (1964 - 1982),Poltoratskyy O. (1958-1971),"Белев, Кристю",Bulgaria,1968-12-31T00:00:00
M. S. Gorbachev (1985 - 1991),Mykytenko O. (1986-2000),"Белов, Алексей",Brazil,1988-09-01T00:00:00
L. I. Brezhnev (1964 - 1982),Pavlychko D. (1971-1978),"Бенедетті, Маріо",Uruguay,1977-06-24T00:00:00
K. U. Chernenko (1984 - 1985),Korotych V. (1978-1986),"Беттін, Вернер",German Democratic Republic,1984-10-26T00:00:00
K. U. Chernenko (1984 - 1985),Korotych V. (1978-1986),"Бехтель, Мерелін",USA,1984-06-22T00:00:00
L. I. Brezhnev (1964 - 1982),Poltoratskyy O. (1958-1971),"Бжоза, Ян",Poland,1968-12-31T00:00:00
M. S. Gorbachev (1985 - 1991),Mykytenko O. (1986-2000),"Білас, Волтер",Great Britain,1988-08-26T00:00:00
M. S. Gorbachev (1985 - 1991),Mykytenko O. (1986-2000),"Більче, Муамер",Turkey,1990-04-11T00:00:00
L. I. Brezhnev (1964 - 1982),Korotych V. (1978-1986),"Бляйшер, Сілья",France,1981-09-11T00:00:00
M. S. Gorbachev (1985 - 1991),Mykytenko O. (1986-2000),"Богдашевська, Ірина",Argentina,1990-03-02T00:00:00
M. S. Gorbachev (1985 - 1991),Korotych V. (1978-1986),"Буено, Сальвадор",Cuba,1985-12-13T00:00:00
L. I. Brezhnev (1964 - 1982),Pavlychko D. (1971-1978),"Бури, Станіслав Едвард",Poland,1972-09-20T00:00:00
L. I. Brezhnev (1964 - 1982),Poltoratskyy O. (1958-1971),"Бркович, Сврем",Yugoslavia,1969-12-31T00:00:00
L. I. Brezhnev (1964 - 1982),Korotych V. (1978-1986),"Брюкнер, Вернер",German Democratic Republic,1981-12-04T00:00:00
L. I. Brezhnev (1964 - 1982),Korotych V. (1978-1986),"Вадкертійова, Лідія",Czechoslovak Socialist Republic(Slovakia),1981-09-23T00:00:00
L. I. Brezhnev (1964 - 1982),Pavlychko D. (1971-1978),"Вад, Поль",Denmark,1975-02-28T00:00:00
L. I. Brezhnev (1964 - 1982),Pavlychko D. (1971-1978),"Вакакура, Масао",Japan,1973-10-30T00:00:00
M. S. Gorbachev (1985 - 1991),Mykytenko O. (1986-2000),Валдгардсон В. Д.,Canada,1988-01-06T00:00:00
L. I. Brezhnev (1964 - 1982),Pavlychko D. (1971-1978),"Валіш, Каройне",Hungary,1974-07-31T00:00:00
L. I. Brezhnev (1964 - 1982),Poltoratskyy O. (1958-1971),"Валько, Дьердь",Hungary,1968-12-31T00:00:00
M. S. Gorbachev (1985 - 1991),Mykytenko O. (1986-2000),"Вайтом, Бернар",France,1990-12-13T00:00:00
L. I. Brezhnev (1964 - 1982),Pavlychko D. (1971-1978),Ванчаарай Ш.,Mongolia,1974-09-07T00:00:00
L. I. Brezhnev (1964 - 1982),Pavlychko D. (1971-1978),"Ванькова, Алена",Czechoslovak Socialist Republic(Czechia),1976-10-31T00:00:00
K. U. Chernenko (1984 - 1985),Korotych V. (1978-1986),"Варма(Верма), Шрікант з дружиною",India,1984-07-19T00:00:00
L. I. Brezhnev (1964 - 1982),Pavlychko D. (1971-1978),"Варненська, Моніка",Poland,1977-01-17T00:00:00
Y. V. Andropov (1982 - 1984),Korotych V. (1978-1986),"Величкович, Павле",Yugoslavia,1983-04-07T00:00:00
M. S. Gorbachev (1985 - 1991),Mykytenko O. (1986-2000),"Велкер, Фран",USA,1991-12-31T00:00:00
M. S. Gorbachev (1985 - 1991),Mykytenko O. (1986-2000),"Вельбертс, Рольф",Federal Republic of Germany,1990-04-04T00:00:00
L. I. Brezhnev (1964 - 1982),Pavlychko D. (1971-1978),"Вентура, Маріо",Portugal,1977-05-24T00:00:00
L. I. Brezhnev (1964 - 1982),Pavlychko D. (1971-1978),"Вентурі, Марчелло",Italy,1977-10-17T00:00:00
L. I. Brezhnev (1964 - 1982),Pavlychko D. (1971-1978),"Вереш, Йожеф",Hungary,1971-11-22T00:00:00
L. I. Brezhnev (1964 - 1982),Poltoratskyy O. (1958-1971),"Вишневський, Сжи",Poland,1971-05-14T00:00:00
M. S. Gorbachev (1985 - 1991),Mykytenko O. (1986-2000),"Віддікомбе, Тейн",Canada,1988-10-12T00:00:00
M. S. Gorbachev (1985 - 1991),Mykytenko O. (1986-2000),"Він Пе, Моньва",Myanmar,1991-09-30T00:00:00
L. I. Brezhnev (1964 - 1982),Pavlychko D. (1971-1978),"Вітана, Гунасена",Sri Lanka,1974-11-29T00:00:00
K. U. Chernenko (1984 - 1985),Korotych V. (1978-1986),Віткова М.,Czechoslovak Socialist Republic(Czechia),1984-12-13T00:00:00
M. S. Gorbachev (1985 - 1991),Mykytenko O. (1986-2000),"Вовк, Віра",Brazil,1990-09-12T00:00:00
K. U. Chernenko (1984 - 1985),Korotych V. (1978-1986),"Воскович, Владімір",Poland,1984-10-19T00:00:00
M. S. Gorbachev (1985 - 1991),Korotych V. (1978-1986),"Восковський, Владімеж",Poland,1986-03-17T00:00:00
M. S. Gorbachev (1985 - 1991),Mykytenko O. (1986-2000),"Восковський, Владімеж",Poland,1986-09-11T00:00:00
M. S. Gorbachev (1985 - 1991),Korotych V. (1978-1986),"Вуїчич, Марієта",Hungary,1986-04-01T00:00:00
M. S. Gorbachev (1985 - 1991),Mykytenko O. (1986-2000),"Вулевич, Чедо",Yugoslavia,1988-08-05T00:00:00
M. S. Gorbachev (1985 - 1991),Mykytenko O. (1986-2000),"Вулевич, Чедо",Yugoslavia,1988-12-12T00:00:00
M. S. Gorbachev (1985 - 1991),Korotych V. (1978-1986),"Гааг, Фолькер",Federal Republic of Germany,1986-04-23T00:00:00
L. I. Brezhnev (1964 - 1982),Poltoratskyy O. (1958-1971),"Габе, Дора",Bulgaria,1969-12-31T00:00:00
L. I. Brezhnev (1964 - 1982),Pavlychko D. (1971-1978),"Гавеші, Маріан",Czechoslovak Socialist Republic(Slovakia),1976-09-30T00:00:00
M. S. Gorbachev (1985 - 1991),Mykytenko O. (1986-2000),"Гаврилишин, Богдан",Switzerland,1990-03-06T00:00:00
L. I. Brezhnev (1964 - 1982),Poltoratskyy O. (1958-1971),"Галіс, Адам",Poland,1968-12-31T00:00:00
Y. V. Andropov (1982 - 1984),Korotych V. (1978-1986),"Гангопадх’яі, Суніл(Галготі)",India,1983-05-10T00:00:00
M. S. Gorbachev (1985 - 1991),Mykytenko O. (1986-2000),"Гарасим, Василь",Canada,1987-12-22T00:00:00
M. S. Gorbachev (1985 - 1991),Mykytenko O. (1986-2000),"Гарма, Джорджійн",Mongolia,1988-08-26T00:00:00
L. I. Brezhnev (1964 - 1982),Pavlychko D. (1971-1978),"Гарре, Таісто",Finland,1975-11-30T00:00:00
M. S. Gorbachev (1985 - 1991),Mykytenko O. (1986-2000),"Гарсіа Ронда, Денія",Cuba,1988-07-13T00:00:00
L. I. Brezhnev (1964 - 1982),Pavlychko D. (1971-1978),"Гаузер, Арнольд",German Democratic Republic,1977-11-23T00:00:00
L. I. Brezhnev (1964 - 1982),Poltoratskyy O. (1958-1971),"Гауптман, Гельмут",German Democratic Republic,1969-12-31T00:00:00
M. S. Gorbachev (1985 - 1991),Mykytenko O. (1986-2000),"Гаф-Елбертс, Джо-Енн",USA,1991-12-31T00:00:00
M. S. Gorbachev (1985 - 1991),Mykytenko O. (1986-2000),Ге Баоцюань,China,1987-01-04T00:00:00
M. S. Gorbachev (1985 - 1991),Mykytenko O. (1986-2000),Ге Сяодун,China,1987-01-04T00:00:00
M. S. Gorbachev (1985 - 1991),Mykytenko O. (1986-2000),"Геберт, Елсі С.",USA,1991-12-31T00:00:00
L. I. Brezhnev (1964 - 1982),Pavlychko D. (1971-1978),"Гебнер, Рольф",German Democratic Republic,1978-05-26T00:00:00
L. I. Brezhnev (1964 - 1982),Korotych V. (1978-1986),"Гебнер, Рольф",German Democratic Republic,1981-07-10T00:00:00
Y. V. Andropov (1982 - 1984),Korotych V. (1978-1986),"Гебнер, Рольф",German Democratic Republic,1983-05-23T00:00:00
K. U. Chernenko (1984 - 1985),Korotych V. (1978-1986),"Гебнер, Рольф",German Democratic Republic,1984-05-16T00:00:00
K. U. Chernenko (1984 - 1985),Korotych V. (1978-1986),"Гебнер, Рольф",German Democratic Republic,1984-11-28T00:00:00
M. S. Gorbachev (1985 - 1991),Korotych V. (1978-1986),"Гебнер, Рольф",German Democratic Republic,1985-11-20T00:00:00
N. S. Khrushchev (1953 - 1964),Poltoratskyy O. (1958-1971),"Гельстед, Отто",Denmark,1959-12-31T00:00:00
L. I. Brezhnev (1964 - 1982),Pavlychko D. (1971-1978),"Гельфалві, Дьєрдь(Георгій)",Romania,1977-11-23T00:00:00
M. S. Gorbachev (1985 - 1991),Mykytenko O. (1986-2000),"Гендерсон, Мае",USA,1989-07-11T00:00:00
M. S. Gorbachev (1985 - 1991),Mykytenko O. (1986-2000),"Гендс, Джон",Great Britain,1991-12-11T00:00:00
L. I. Brezhnev (1964 - 1982),Poltoratskyy O. (1958-1971),"Герлах, Ієнс",German Democratic Republic,1968-12-31T00:00:00
L. I. Brezhnev (1964 - 1982),Poltoratskyy O. (1958-1971),"Германов, Андрій",Bulgaria,1968-12-31T00:00:00
L. I. Brezhnev (1964 - 1982),Pavlychko D. (1971-1978),"Гіакан, Юіті",Japan,1977-09-30T00:00:00
M. S. Gorbachev (1985 - 1991),Mykytenko O. (1986-2000),"Гінламіре, Будданна",India,1989-12-15T00:00:00
L. I. Brezhnev (1964 - 1982),Poltoratskyy O. (1958-1971),"Гісгесо, Ян Марія",Poland,1971-05-14T00:00:00
K. U. Chernenko (1984 - 1985),Korotych V. (1978-1986),"Гліссан, Едуар",Martinique,1985-01-14T00:00:00
L. I. Brezhnev (1964 - 1982),Pavlychko D. (1971-1978),"Горак, Станіслав",Poland,1977-04-23T00:00:00
K. U. Chernenko (1984 - 1985),Korotych V. (1978-1986),"Гондаш, Ерна",Hungary,1984-06-15T00:00:00
K. U. Chernenko (1984 - 1985),Korotych V. (1978-1986),"Горак, Владімір",Poland,1984-10-26T00:00:00
L. I. Brezhnev (1964 - 1982),Poltoratskyy O. (1958-1971),"Граб, Мечислав",Poland,1971-05-14T00:00:00
L. I. Brezhnev (1964 - 1982),Pavlychko D. (1971-1978),"Гравіна, Альфредо",Uruguay(emigrated to Cuba),1977-05-20T00:00:00
K. U. Chernenko (1984 - 1985),Korotych V. (1978-1986),"Грассо, Антоніо",USA,1984-10-15T00:00:00
Y. V. Andropov (1982 - 1984),Korotych V. (1978-1986),"Грассо, Маріо з дружиною",USA,1983-06-15T00:00:00
K. U. Chernenko (1984 - 1985),Korotych V. (1978-1986),"Грассо, Маріо з дружиною",USA,1984-10-15T00:00:00
M. S. Gorbachev (1985 - 1991),Mykytenko O. (1986-2000),"Грегоріч, Луїс",Argentina,1990-03-02T00:00:00
L. I. Brezhnev (1964 - 1982),Poltoratskyy O. (1958-1971),"Гренджа-Донський, Василь",Czechoslovak Socialist Republic(Slovakia),1969-12-31T00:00:00
M. S. Gorbachev (1985 - 1991),Mykytenko O. (1986-2000),"Грехем, Мері Емма",USA,1989-07-11T00:00:00
L. I. Brezhnev (1964 - 1982),Poltoratskyy O. (1958-1971),"Григаші, Сва",Hungary,1969-12-31T00:00:00
M. S. Gorbachev (1985 - 1991),Mykytenko O. (1986-2000),"Гринюк, Стелла",Canada,1991-05-14T00:00:00
L. I. Brezhnev (1964 - 1982),Pavlychko D. (1971-1978),"Гру я, Стеліан",Romania,1972-06-14T00:00:00
M. S. Gorbachev (1985 - 1991),Mykytenko O. (1986-2000),Гу Чен,China,1991-05-29T00:00:00
M. S. Gorbachev (1985 - 1991),Mykytenko O. (1986-2000),"Гузман, Габіб Суккар",Costa Rica,1990-03-02T00:00:00
L. I. Brezhnev (1964 - 1982),Korotych V. (1978-1986),"Гупта, Харіш",India,1978-10-03T00:00:00
L. I. Brezhnev (1964 - 1982),Pavlychko D. (1971-1978),"Гупту, Амітава",India,1977-01-06T00:00:00
L. I. Brezhnev (1964 - 1982),Pavlychko D. (1971-1978),"Гурановський, Ян Людвік",Poland,1973-04-26T00:00:00
L. I. Brezhnev (1964 - 1982),Pavlychko D. (1971-1978),"Густафсон, Ралф",Canada,1976-09-22T00:00:00
M. S. Gorbachev (1985 - 1991),Mykytenko O. (1986-2000),"Гутаі, Магда",Hungary,1987-09-02T00:00:00
M. S. Gorbachev (1985 - 1991),Mykytenko O. (1986-2000),"Гхулам, Акі",India,1986-12-23T00:00:00
L. I. Brezhnev (1964 - 1982),Korotych V. (1978-1986),"Гьорліх, Ганс Йорг",German Democratic Republic,1981-12-04T00:00:00
M. S. Gorbachev (1985 - 1991),Mykytenko O. (1986-2000),Дав Чо Чо Тін,Myanmar,1991-09-30T00:00:00
L. I. Brezhnev (1964 - 1982),Poltoratskyy O. (1958-1971),"Давидков, Іван",Bulgaria,1968-12-31T00:00:00
L. I. Brezhnev (1964 - 1982),Korotych V. (1978-1986),"Дангем, Вера С.",USA,1982-07-29T00:00:00
M. S. Gorbachev (1985 - 1991),Korotych V. (1978-1986),"Дас, Сітаншу Мохан",India,1985-12-20T00:00:00
L. I. Brezhnev (1964 - 1982),Poltoratskyy O. (1958-1971),"Дасгупта, Самір",India,1971-05-27T00:00:00
M. S. Gorbachev (1985 - 1991),Mykytenko O. (1986-2000),"Дашдооров, Сормууниршийн",Mongolia,1987-07-28T00:00:00
M. S. Gorbachev (1985 - 1991),Mykytenko O. (1986-2000),"Де, Олександр",Great Britain,1991-06-13T00:00:00
L. I. Brezhnev (1964 - 1982),Pavlychko D. (1971-1978),"Де Ораа, Франсіско",Cuba,1975-06-11T00:00:00
K. U. Chernenko (1984 - 1985),Korotych V. (1978-1986),"Девіс, Джон",USA,1984-06-22T00:00:00
M. S. Gorbachev (1985 - 1991),Mykytenko O. (1986-2000),"Дегрев, Крістоф",Belgium,1988-06-27T00:00:00
M. S. Gorbachev (1985 - 1991),Mykytenko O. (1986-2000),"Дельгадо, Антоніо",Mexico,1990-04-23T00:00:00
M. S. Gorbachev (1985 - 1991),Mykytenko O. (1986-2000),"Джексон-Бек, Мерілін",USA,1991-12-31T00:00:00
M. S. Gorbachev (1985 - 1991),Mykytenko O. (1986-2000),"Дженіг, Волтер Б.",USA,1991-12-31T00:00:00
L. I. Brezhnev (1964 - 1982),Pavlychko D. (1971-1978),"Джеркович, Момчило",Yugoslavia,1975-04-25T00:00:00
L. I. Brezhnev (1964 - 1982),Pavlychko D. (1971-1978),"Джеркович, Момчило",Yugoslavia,1977-06-21T00:00:00
L. I. Brezhnev (1964 - 1982),Pavlychko D. (1971-1978),"Димитріев, Мирослав",Yugoslavia,1977-08-25T00:00:00
L. I. Brezhnev (1964 - 1982),Pavlychko D. (1971-1978),"Джумали, Неджаті",Turkey,1973-12-31T00:00:00
Y. V. Andropov (1982 - 1984),Korotych V. (1978-1986),"Димов, Явко",Bulgaria,1983-05-18T00:00:00
L. I. Brezhnev (1964 - 1982),Pavlychko D. (1971-1978),"Діггельман, Вальтер Маттіас",Switzerland,1975-07-11T00:00:00
L. I. Brezhnev (1964 - 1982),Poltoratskyy O. (1958-1971),"Дієго, Елісео",Cuba,1968-12-31T00:00:00
L. I. Brezhnev (1964 - 1982),Pavlychko D. (1971-1978),До Тю,Vietnam,1977-10-11T00:00:00
L. I. Brezhnev (1964 - 1982),Pavlychko D. (1971-1978),"Добровольські, Розалія і Станіслав",Canada,1976-08-06T00:00:00
Y. V. Andropov (1982 - 1984),Korotych V. (1978-1986),"Доплікер, Фабіо",Italy,1983-08-09T00:00:00
K. U. Chernenko (1984 - 1985),Korotych V. (1978-1986),"Драганов, Неделчо",Bulgaria,1984-10-26T00:00:00
L. I. Brezhnev (1964 - 1982),Pavlychko D. (1971-1978),"Дроздовський, Богдан",Poland,1977-04-23T00:00:00
M. S. Gorbachev (1985 - 1991),Mykytenko O. (1986-2000),"Ду, Шуін",China,1988-03-23T00:00:00
L. I. Brezhnev (1964 - 1982),Korotych V. (1978-1986),"Дутина, Тодор",Yugoslavia,1978-12-31T00:00:00
M. S. Gorbachev (1985 - 1991),Mykytenko O. (1986-2000),"Дюлане, Едда Ійєш",Hungary,1988-11-02T00:00:00
M. S. Gorbachev (1985 - 1991),Korotych V. (1978-1986),"Дюринова-Павулякова, Наташа",Slovakia,1985-10-02T00:00:00
L. I. Brezhnev (1964 - 1982),Pavlychko D. (1971-1978),"Дянков, Кристан",Bulgaria,1976-05-13T00:00:00
L. I. Brezhnev (1964 - 1982),Pavlychko D. (1971-1978),Е Муїн,Myanmar,1974-10-23T00:00:00
M. S. Gorbachev (1985 - 1991),Mykytenko O. (1986-2000),"Егурен Віньялета, Густаво",Cuba,1990-02-02T00:00:00
M. S. Gorbachev (1985 - 1991),Mykytenko O. (1986-2000),"Ейкок, Френк А.",USA,1991-12-31T00:00:00
M. S. Gorbachev (1985 - 1991),Mykytenko O. (1986-2000),"Емерсон, Пітер Північна",Ireland,1987-06-23T00:00:00
M. S. Gorbachev (1985 - 1991),Mykytenko O. (1986-2000),"Енценсбергер, Ганс Магнус",Federal Republic of Germany,1991-10-22T00:00:00
L. I. Brezhnev (1964 - 1982),Korotych V. (1978-1986),"Еньяді, Дьердь",Hungary,1982-04-29T00:00:00
L. I. Brezhnev (1964 - 1982),Poltoratskyy O. (1958-1971),"Ердінч, Фахрі",Turkey,1968-12-31T00:00:00
L. I. Brezhnev (1964 - 1982),Poltoratskyy O. (1958-1971),"Ерера Гарсіа, Адольфо",Costa Rica,1969-12-31T00:00:00
L. I. Brezhnev (1964 - 1982),Korotych V. (1978-1986),"Есван, Франсуа",France,1981-12-04T00:00:00
K. U. Chernenko (1984 - 1985),Korotych V. (1978-1986),"Естебанель Діас, Естебан",Cuba,1984-03-26T00:00:00
L. I. Brezhnev (1964 - 1982),Pavlychko D. (1971-1978),"Євтимов, Крісло",Bulgaria,1974-03-21T00:00:00
L. I. Brezhnev (1964 - 1982),Poltoratskyy O. (1958-1971),"Єнджеевич, Єжи",Poland,1971-05-14T00:00:00
L. I. Brezhnev (1964 - 1982),Poltoratskyy O. (1958-1971),"Жабкай, Володимир",Czechoslovak Socialist Republic(Slovakia),1969-12-31T00:00:00
L. I. Brezhnev (1964 - 1982),Pavlychko D. (1971-1978),"Жаньєр, Клод",France,1977-05-19T00:00:00
L. I. Brezhnev (1964 - 1982),Poltoratskyy O. (1958-1971),"Залуський, Збігнєв",Poland,1969-12-31T00:00:00
L. I. Brezhnev (1964 - 1982),Pavlychko D. (1971-1978),"Зелінова, Гана",Czechoslovak Socialist Republic(Slovakia),1977-09-20T00:00:00
M. S. Gorbachev (1985 - 1991),Mykytenko O. (1986-2000),"Зіттнер, Гернот",Federal Republic of Germany,1991-10-22T00:00:00
M. S. Gorbachev (1985 - 1991),Mykytenko O. (1986-2000),"Зуевський, Олег",Canada,1990-09-12T00:00:00
L. I. Brezhnev (1964 - 1982),Pavlychko D. (1971-1978),"Іванов, Захарій",Bulgaria,1974-03-21T00:00:00
L. I. Brezhnev (1964 - 1982),Korotych V. (1978-1986),"Іванова, Анета",Bulgaria,1981-11-12T00:00:00
M. S. Gorbachev (1985 - 1991),Mykytenko O. (1986-2000),"Івахів, Адріан",Canada,1990-01-31T00:00:00
M. S. Gorbachev (1985 - 1991),Mykytenko O. (1986-2000),"Івахів, Адріан",Canada,1990-03-02T00:00:00
L. I. Brezhnev (1964 - 1982),Pavlychko D. (1971-1978),"Івашкевич, Ярослав",Poland,1974-09-09T00:00:00
L. I. Brezhnev (1964 - 1982),Pavlychko D. (1971-1978),"Івашкевич, Ярослав",Poland,1977-04-23T00:00:00
M. S. Gorbachev (1985 - 1991),Mykytenko O. (1986-2000),"Ійонгес, Ганс Ґеорг",Federal Republic of Germany,1991-10-22T00:00:00
N. S. Khrushchev (1953 - 1964),Poltoratskyy O. (1958-1971),"Ікаса, Хорхе",Venezuela,1961-01-12T00:00:00
L. I. Brezhnev (1964 - 1982),Pavlychko D. (1971-1978),"Іллеш, Ласло",Hungary,1976-04-30T00:00:00
L. I. Brezhnev (1964 - 1982),Poltoratskyy O. (1958-1971),"Іобст, Герберт",German Democratic Republic,1969-12-31T00:00:00
M. S. Gorbachev (1985 - 1991),Mykytenko O. (1986-2000),"Істермен, Макс",Great Britain,1989-07-03T00:00:00
M. S. Gorbachev (1985 - 1991),Mykytenko O. (1986-2000),"Йоделіс Сміт, Мері Енн",USA,1991-03-29T00:00:00
Y. V. Andropov (1982 - 1984),Korotych V. (1978-1986),"Йоргенсен, Нанна",Denmark,1983-06-01T00:00:00
L. I. Brezhnev (1964 - 1982),Korotych V. (1978-1986),"Кабальєро, Дам’ян",Cuba,1982-04-16T00:00:00
L. I. Brezhnev (1964 - 1982),Pavlychko D. (1971-1978),"Кабатц, Еугеніюш",Poland,1973-12-31T00:00:00
L. I. Brezhnev (1964 - 1982),Pavlychko D. (1971-1978),"Кавалець, Юліан",Poland,1974-12-02T00:00:00
L. I. Brezhnev (1964 - 1982),Pavlychko D. (1971-1978),"Кавалець, Юліан",Poland,1974-12-10T00:00:00
L. I. Brezhnev (1964 - 1982),Pavlychko D. (1971-1978),"Кавалець, Юліан",Poland,1977-04-23T00:00:00
M. S. Gorbachev (1985 - 1991),Mykytenko O. (1986-2000),"Кавалець, Ярослав",Poland,1989-06-26T00:00:00
M. S. Gorbachev (1985 - 1991),Mykytenko O. (1986-2000),"Кавалець, Анна",Poland,1989-06-26T00:00:00
L. I. Brezhnev (1964 - 1982),Pavlychko D. (1971-1978),"Kara, Отохіко",Japan,1977-09-30T00:00:00
L. I. Brezhnev (1964 - 1982),Pavlychko D. (1971-1978),"Када, Юлія",Hungary,1975-12-31T00:00:00
Y. V. Andropov (1982 - 1984),Korotych V. (1978-1986),"Када, Юлія",Hungary,1983-05-25T00:00:00
L. I. Brezhnev (1964 - 1982),Poltoratskyy O. (1958-1971),"Кайш, Ген рік",German Democratic Republic,1969-12-31T00:00:00
K. U. Chernenko (1984 - 1985),Korotych V. (1978-1986),"Калатретта, Маттео",USA,1984-10-15T00:00:00
L. I. Brezhnev (1964 - 1982),Korotych V. (1978-1986),"Канева, Калина",Bulgaria,1981-12-03T00:00:00
Y. V. Andropov (1982 - 1984),Korotych V. (1978-1986),"Канева, Калина",Bulgaria,1983-09-12T00:00:00
M. S. Gorbachev (1985 - 1991),Mykytenko O. (1986-2000),"Кальхас Рос, Бернардо",Cuba,1988-09-23T00:00:00
Y. V. Andropov (1982 - 1984),Korotych V. (1978-1986),"Канеко, Кен з дружиною",Japan,1983-10-05T00:00:00
M. S. Gorbachev (1985 - 1991),Mykytenko O. (1986-2000),"Канланга, Дала",Laos,1989-08-16T00:00:00
L. I. Brezhnev (1964 - 1982),Poltoratskyy O. (1958-1971),"Канн, Марія",Poland,1968-12-31T00:00:00
M. S. Gorbachev (1985 - 1991),Mykytenko O. (1986-2000),"Капрілес, Рене",Brazil,1986-10-31T00:00:00
L. I. Brezhnev (1964 - 1982),Poltoratskyy O. (1958-1971),"Каріг, Шара",Hungary,1970-12-31T00:00:00
L. I. Brezhnev (1964 - 1982),Pavlychko D. (1971-1978),"Каріг, Шара",Hungary,1971-09-26T00:00:00
L. I. Brezhnev (1964 - 1982),Pavlychko D. (1971-1978),"Каріг, Шара",Hungary,1973-10-15T00:00:00
L. I. Brezhnev (1964 - 1982),Pavlychko D. (1971-1978),"Каріг, Шара",Hungary,1977-03-28T00:00:00
L. I. Brezhnev (1964 - 1982),Korotych V. (1978-1986),"Каріг, Шара",Hungary,1981-02-26T00:00:00
K. U. Chernenko (1984 - 1985),Korotych V. (1978-1986),"Каріг, Шара",Hungary,1984-05-16T00:00:00
M. S. Gorbachev (1985 - 1991),Mykytenko O. (1986-2000),"Карлсон, Роджер У.",USA,1991-12-31T00:00:00
Y. V. Andropov (1982 - 1984),Korotych V. (1978-1986),"Каспер, Рей Чарлз",USA,1983-05-31T00:00:00
L. I. Brezhnev (1964 - 1982),Poltoratskyy O. (1958-1971),Каттімані Б.,India,1969-12-31T00:00:00
M. S. Gorbachev (1985 - 1991),Mykytenko O. (1986-2000),"Кауфман, Джон А.",USA,1991-12-31T00:00:00
L. I. Brezhnev (1964 - 1982),Korotych V. (1978-1986),"Квятковський, Курт",German Democratic Republic,1981-01-30T00:00:00
Y. V. Andropov (1982 - 1984),Korotych V. (1978-1986),"Кенеді, Аніта",Hungary,1983-01-28T00:00:00
L. I. Brezhnev (1964 - 1982),Korotych V. (1978-1986),"Kepi, Ласло",Hungary,1982-06-06T00:00:00
Y. V. Andropov (1982 - 1984),Korotych V. (1978-1986),"Керлік, Петер",Czechoslovak Socialist Republic(Slovakia),1983-12-06T00:00:00
L. I. Brezhnev (1964 - 1982),Korotych V. (1978-1986),"Кинева, Пенка",Bulgaria,1980-05-16T00:00:00
L. I. Brezhnev (1964 - 1982),Korotych V. (1978-1986),"Кинева, Пенка",Bulgaria,1981-01-15T00:00:00
Y. V. Andropov (1982 - 1984),Korotych V. (1978-1986),"Кинева, Пенка",Bulgaria,1983-05-18T00:00:00
M. S. Gorbachev (1985 - 1991),Mykytenko O. (1986-2000),"Кинева, Пенка",Bulgaria,1991-05-30T00:00:00
Y. V. Andropov (1982 - 1984),Korotych V. (1978-1986),Кім Воч,Vietnam,1983-12-21T00:00:00
L. I. Brezhnev (1964 - 1982),Pavlychko D. (1971-1978),"Кіраі, Жужа",Hungary,1977-12-31T00:00:00
M. S. Gorbachev (1985 - 1991),Mykytenko O. (1986-2000),"Кістер, Мішель",France,1986-10-17T00:00:00
L. I. Brezhnev (1964 - 1982),Pavlychko D. (1971-1978),"Кіффер, Розмарі",Luxembourg,1976-08-02T00:00:00
M. S. Gorbachev (1985 - 1991),Korotych V. (1978-1986),"Клапка, Ярослав",Czechoslovak Socialist Republic(Czechia),1986-03-12T00:00:00
M. S. Gorbachev (1985 - 1991),Mykytenko O. (1986-2000),"Клаф, Гордон",Great Britain,1989-07-03T00:00:00
L. I. Brezhnev (1964 - 1982),Pavlychko D. (1971-1978),"Клончіч, Міле",Yugoslavia,1977-06-13T00:00:00
M. S. Gorbachev (1985 - 1991),Mykytenko O. (1986-2000),"Кляйншмідт, Зебастьян",German Democratic Republic,1988-06-21T00:00:00
M. S. Gorbachev (1985 - 1991),Mykytenko O. (1986-2000),"Ковальський, Маріан",Poland,1987-11-10T00:00:00
M. S. Gorbachev (1985 - 1991),Mykytenko O. (1986-2000),"Ковачік, Петр",Czechoslovak Socialist Republic(Czechia),1988-02-19T00:00:00
M. S. Gorbachev (1985 - 1991),Mykytenko O. (1986-2000),"Коджо, Янкал",Ghana,1987-11-25T00:00:00
L. I. Brezhnev (1964 - 1982),Pavlychko D. (1971-1978),"Козак, Ян",Czechoslovak Socialist Republic(Czechia),1973-12-31T00:00:00
L. I. Brezhnev (1964 - 1982),Korotych V. (1978-1986),"Колінько, Інгеборг",German Democratic Republic,1981-06-16T00:00:00
K. U. Chernenko (1984 - 1985),Korotych V. (1978-1986),"Коллінз, Карен",USA,1984-06-22T00:00:00
L. I. Brezhnev (1964 - 1982),Poltoratskyy O. (1958-1971),"Колунджія, Драган",Yugoslavia,1969-12-31T00:00:00
L. I. Brezhnev (1964 - 1982),Pavlychko D. (1971-1978),"Колянківський, Микола",Canada,1974-04-02T00:00:00
K. U. Chernenko (1984 - 1985),Korotych V. (1978-1986),"Комараш, Іштван",Hungary,1984-06-15T00:00:00
L. I. Brezhnev (1964 - 1982),Pavlychko D. (1971-1978),"Копровський, Ян",Poland,1974-09-09T00:00:00
L. I. Brezhnev (1964 - 1982),Poltoratskyy O. (1958-1971),"Корбя, Думітрія",Romania,1968-12-31T00:00:00
M. S. Gorbachev (1985 - 1991),Mykytenko O. (1986-2000),"Корсюк, Ніколае",Romania,1990-02-22T00:00:00
L. I. Brezhnev (1964 - 1982),Korotych V. (1978-1986),"Косач, Юрій",USA,1982-07-22T00:00:00
L. I. Brezhnev (1964 - 1982),Poltoratskyy O. (1958-1971),"Костаке, Антон",Romania,1968-12-31T00:00:00
M. S. Gorbachev (1985 - 1991),Mykytenko O. (1986-2000),"Косташ, Мирна",Canada,1988-06-14T00:00:00
L. I. Brezhnev (1964 - 1982),Korotych V. (1978-1986),"Костецький, Ігор",Federal Republic of Germany,1981-09-10T00:00:00
L. I. Brezhnev (1964 - 1982),Korotych V. (1978-1986),"Костецький, Ігор",Federal Republic of Germany,1982-07-22T00:00:00
Y. V. Andropov (1982 - 1984),Korotych V. (1978-1986),"Коутенска, Зденка",Czechoslovak Socialist Republic(Czechia),1983-06-08T00:00:00
M. S. Gorbachev (1985 - 1991),Mykytenko O. (1986-2000),"Коцевський, Данило",North Macedonia,1989-05-25T00:00:00
L. I. Brezhnev (1964 - 1982),Poltoratskyy O. (1958-1971),"Кошут, Леопард",German Democratic Republic,1968-12-31T00:00:00
M. S. Gorbachev (1985 - 1991),Mykytenko O. (1986-2000),"Кравчук, Петро",Canada,1986-10-21T00:00:00
M. S. Gorbachev (1985 - 1991),Mykytenko O. (1986-2000),"Кравчук, Петро",Canada,1987-12-22T00:00:00
L. I. Brezhnev (1964 - 1982),Korotych V. (1978-1986),"Кранідіотіс, Нікос з дружиною",Greece,1979-07-12T00:00:00
Y. V. Andropov (1982 - 1984),Korotych V. (1978-1986),"Крафт, Гізела",West Berlin,1983-12-16T00:00:00
M. S. Gorbachev (1985 - 1991),Mykytenko O. (1986-2000),"Кретч, Роберт",Canada,1991-05-14T00:00:00
K. U. Chernenko (1984 - 1985),Korotych V. (1978-1986),"Кристов, Венко",Bulgaria,1984-10-19T00:00:00
M. S. Gorbachev (1985 - 1991),Mykytenko O. (1986-2000),"Крістобал Перес, Армандо В.",Cuba,1988-05-12T00:00:00
L. I. Brezhnev (1964 - 1982),Pavlychko D. (1971-1978),"Крішнан, Кунхі",India,1976-11-03T00:00:00
L. I. Brezhnev (1964 - 1982),Poltoratskyy O. (1958-1971),"Крно, Мілош",Czechoslovak Socialist Republic(Slovakia),1968-12-31T00:00:00
L. I. Brezhnev (1964 - 1982),Poltoratskyy O. (1958-1971),"Крузе, Вернер",German Democratic Republic,1969-12-31T00:00:00
L. I. Brezhnev (1964 - 1982),Pavlychko D. (1971-1978),"Крус, Марі",Cuba,1971-12-20T00:00:00
L. I. Brezhnev (1964 - 1982),Pavlychko D. (1971-1978),"Крюба, Еміль",France,1974-05-31T00:00:00
L. I. Brezhnev (1964 - 1982),Pavlychko D. (1971-1978),"Кубіпіта, Людек",Czechoslovak Socialist Republic(Czechia),1974-11-21T00:00:00
M. S. Gorbachev (1985 - 1991),Mykytenko O. (1986-2000),"Кулчар, Іштван",Hungary,1990-01-09T00:00:00
M. S. Gorbachev (1985 - 1991),Mykytenko O. (1986-2000),"Кумар, Прадіп",India,1986-12-23T00:00:00
M. S. Gorbachev (1985 - 1991),Mykytenko O. (1986-2000),"Кунда, Богуслав",Poland,1987-11-10T00:00:00
L. I. Brezhnev (1964 - 1982),Pavlychko D. (1971-1978),"Куцка, Петер",Hungary,1973-10-15T00:00:00
M. S. Gorbachev (1985 - 1991),Mykytenko O. (1986-2000),Кхін Маунг Хтун(Ланмадав),Myanmar,1991-09-30T00:00:00
M. S. Gorbachev (1985 - 1991),Mykytenko O. (1986-2000),"Кьоніг, Інгеборг",German Democratic Republic,1991-01-30T00:00:00
L. I. Brezhnev (1964 - 1982),Poltoratskyy O. (1958-1971),"Ла Гума, Алекс",South Africa,1968-12-31T00:00:00
K. U. Chernenko (1984 - 1985),Korotych V. (1978-1986),"Ла Торре, Джоваиіпо",USA,1984-10-31T00:00:00
L. I. Brezhnev (1964 - 1982),Poltoratskyy O. (1958-1971),"Лазич, Жика",Yugoslavia,1969-12-31T00:00:00
L. I. Brezhnev (1964 - 1982),Pavlychko D. (1971-1978),"Лаїк, Сулейман",Afghanistan,1976-11-04T00:00:00
L. I. Brezhnev (1964 - 1982),Korotych V. (1978-1986),"Лайвсей, Дороті",Canada,1981-05-11T00:00:00
L. I. Brezhnev (1964 - 1982),Korotych V. (1978-1986),"Ласло, Далопі",Hungary,1982-06-18T00:00:00
L. I. Brezhnev (1964 - 1982),Poltoratskyy O. (1958-1971),"Ленарт, Єва",Hungary,1969-12-31T00:00:00
L. I. Brezhnev (1964 - 1982),Pavlychko D. (1971-1978),"Ленарт, Йозеф",Poland,1977-06-02T00:00:00
L. I. Brezhnev (1964 - 1982),Korotych V. (1978-1986),"Ліпецкі, Гайде",German Democratic Republic,1978-12-31T00:00:00
Y. V. Andropov (1982 - 1984),Korotych V. (1978-1986),"Ліпецкі, Гайде",German Democratic Republic,1983-08-30T00:00:00
L. I. Brezhnev (1964 - 1982),Pavlychko D. (1971-1978),"Лірулес, Енріке",Cuba,1974-03-18T00:00:00
L. I. Brezhnev (1964 - 1982),Poltoratskyy O. (1958-1971),"Лічкова, Марта",Czechoslovak Socialist Republic,1969-12-31T00:00:00
M. S. Gorbachev (1985 - 1991),Mykytenko O. (1986-2000),Лу Юнфу,China,1989-07-27T00:00:00
M. S. Gorbachev (1985 - 1991),Mykytenko O. (1986-2000),"Луіс, Рауль",Cuba,1988-07-13T00:00:00
L. I. Brezhnev (1964 - 1982),Korotych V. (1978-1986),"Лукан, Владимир",Czechoslovak Socialist Republic(Slovakia),1978-09-19T00:00:00
L. I. Brezhnev (1964 - 1982),Poltoratskyy O. (1958-1971),"Лукач, Ян Болеслав",Czechoslovak Socialist Republic,1969-12-31T00:00:00
M. S. Gorbachev (1985 - 1991),Mykytenko O. (1986-2000),Лю Нін,China,1988-10-28T00:00:00
M. S. Gorbachev (1985 - 1991),Mykytenko O. (1986-2000),Лю Нін з дружиною,China,1990-08-12T00:00:00
M. S. Gorbachev (1985 - 1991),Mykytenko O. (1986-2000),Лю Юрон,China,1991-12-31T00:00:00
M. S. Gorbachev (1985 - 1991),Mykytenko O. (1986-2000),Ляп Пейлан,China,1987-01-04T00:00:00
K. U. Chernenko (1984 - 1985),Korotych V. (1978-1986),"Мабу, Пітер",Cameroon,1984-05-31T00:00:00
L. I. Brezhnev (1964 - 1982),Korotych V. (1978-1986),"Мазілу, Дан",Romania,1982-11-19T00:00:00
L. I. Brezhnev (1964 - 1982),Korotych V. (1978-1986),"Макларі, Дьєрдь",Hungary,1981-02-28T00:00:00
M. S. Gorbachev (1985 - 1991),Korotych V. (1978-1986),"Макорі, Іштван",Hungary,1986-03-10T00:00:00
K. U. Chernenko (1984 - 1985),Korotych V. (1978-1986),"Маландріно, Джузеппе",USA,1984-10-15T00:00:00
L. I. Brezhnev (1964 - 1982),Poltoratskyy O. (1958-1971),"Малікяр, Туфан Амат Латіс",Afghanistan,1968-12-31T00:00:00
L. I. Brezhnev (1964 - 1982),Pavlychko D. (1971-1978),"Мальхарек, Мірослав",Poland,1974-03-05T00:00:00
L. I. Brezhnev (1964 - 1982),Poltoratskyy O. (1958-1971),"Манев, Євтим",Yugoslavia,1968-12-31T00:00:00
M. S. Gorbachev (1985 - 1991),Mykytenko O. (1986-2000),"Манев, Євтим",North Macedonia,1991-04-19T00:00:00
M. S. Gorbachev (1985 - 1991),Mykytenko O. (1986-2000),"Мантарас Лоедель, Граціела",Uruguay,1988-09-06T00:00:00
M. S. Gorbachev (1985 - 1991),Mykytenko O. (1986-2000),Мао Мао,China,1991-05-29T00:00:00
L. I. Brezhnev (1964 - 1982),Korotych V. (1978-1986),"Маринович, Ване",Yugoslavia,1978-12-31T00:00:00
M. S. Gorbachev (1985 - 1991),Mykytenko O. (1986-2000),"Маріо Пупсі, Орландо",Argentina,1987-07-20T00:00:00
L. I. Brezhnev (1964 - 1982),Pavlychko D. (1971-1978),"Марков, Георгій",Bulgaria,1976-11-15T00:00:00
L. I. Brezhnev (1964 - 1982),Poltoratskyy O. (1958-1971),"Марре, Луїс",Cuba,1968-12-31T00:00:00
L. I. Brezhnev (1964 - 1982),Pavlychko D. (1971-1978),"Марре, Луїс",Cuba,1974-09-26T00:00:00
K. U. Chernenko (1984 - 1985),Korotych V. (1978-1986),"Марті Фуентес, Адольфо",Cuba,1984-12-05T00:00:00
L. I. Brezhnev (1964 - 1982),Poltoratskyy O. (1958-1971),"Мартін, Девід",Australia,1968-12-31T00:00:00
K. U. Chernenko (1984 - 1985),Korotych V. (1978-1986),"Мартінес Пуїг, Сесіль",Cuba,1984-06-29T00:00:00
L. I. Brezhnev (1964 - 1982),Pavlychko D. (1971-1978),"Мартінес, Хосе",Cuba,1975-06-11T00:00:00
L. I. Brezhnev (1964 - 1982),Poltoratskyy O. (1958-1971),"Марушяк, Йозеф",Czechoslovak Socialist Republic(Slovakia),1969-12-31T00:00:00
L. I. Brezhnev (1964 - 1982),Pavlychko D. (1971-1978),"Матос, Хосе",Cuba,1975-06-11T00:00:00
L. I. Brezhnev (1964 - 1982),Poltoratskyy O. (1958-1971),"Мацинський, Іван",Czechoslovak Socialist Republic(Slovakia),1969-12-31T00:00:00
K. U. Chernenko (1984 - 1985),Korotych V. (1978-1986),"Медвед, Ян",Czechoslovak Socialist Republic(Slovakia),1984-11-21T00:00:00
M. S. Gorbachev (1985 - 1991),Mykytenko O. (1986-2000),"Мейєр, Ненсі Дж.",Chile,1991-03-29T00:00:00
M. S. Gorbachev (1985 - 1991),Korotych V. (1978-1986),Менон М. Ш. Н.,India,1985-07-02T00:00:00
M. S. Gorbachev (1985 - 1991),Mykytenko O. (1986-2000),"Мерк, Кріста",Federal Republic of Germany,1990-04-04T00:00:00
L. I. Brezhnev (1964 - 1982),Korotych V. (1978-1986),"Минков, Недялко Христов",Bulgaria,1981-01-30T00:00:00
L. I. Brezhnev (1964 - 1982),Poltoratskyy O. (1958-1971),"Минковський, Олександр",Poland,1969-12-31T00:00:00
M. S. Gorbachev (1985 - 1991),Mykytenko O. (1986-2000),"Мігайлюк, Мігай",Romania,1990-02-22T00:00:00
L. I. Brezhnev (1964 - 1982),Pavlychko D. (1971-1978),"Мілев, Йордан",Bulgaria,1974-03-21T00:00:00
L. I. Brezhnev (1964 - 1982),Poltoratskyy O. (1958-1971),"Мілошевич, Велімір",Yugoslavia,1969-12-31T00:00:00
M. S. Gorbachev (1985 - 1991),Mykytenko O. (1986-2000),"Міро, Антоні",Spain,1991-10-21T00:00:00
L. I. Brezhnev (1964 - 1982),Pavlychko D. (1971-1978),"Мірулес, Енріке",Cuba,1974-12-31T00:00:00
M. S. Gorbachev (1985 - 1991),Mykytenko O. (1986-2000),"Міхаеліс, Рольф",Federal Republic of Germany,1991-10-22T00:00:00
L. I. Brezhnev (1964 - 1982),Pavlychko D. (1971-1978),"Мішлеї, Пал",Hungary,1977-03-28T00:00:00
L. I. Brezhnev (1964 - 1982),Korotych V. (1978-1986),"Мішлеї, Пал",Hungary,1981-02-27T00:00:00
L. I. Brezhnev (1964 - 1982),Korotych V. (1978-1986),"Мішлеї, Пал",Hungary,1981-06-09T00:00:00
K. U. Chernenko (1984 - 1985),Korotych V. (1978-1986),"Мішлеї, Пал",Hungary,1984-05-16T00:00:00
L. I. Brezhnev (1964 - 1982),Korotych V. (1978-1986),"Могельський, Олдржих",Poland,1981-01-30T00:00:00
L. I. Brezhnev (1964 - 1982),Pavlychko D. (1971-1978),"Молонціою, Ілеана",Romania,1974-10-28T00:00:00
L. I. Brezhnev (1964 - 1982),Poltoratskyy O. (1958-1971),"Молнар, Золтан",Hungary,1969-12-31T00:00:00
L. I. Brezhnev (1964 - 1982),Poltoratskyy O. (1958-1971),"Мольнар, Михайло",Czechoslovak Socialist Republic(Slovakia),1969-12-31T00:00:00
L. I. Brezhnev (1964 - 1982),Korotych V. (1978-1986),"Мольнар, Михайло",Czechoslovak Socialist Republic(Slovakia),1978-08-16T00:00:00
K. U. Chernenko (1984 - 1985),Korotych V. (1978-1986),"Мольнар, Михайло",Czechoslovak Socialist Republic(Slovakia),1984-11-21T00:00:00
M. S. Gorbachev (1985 - 1991),Mykytenko O. (1986-2000),"Монік, Едуард",Mauritius,1986-09-16T00:00:00
M. S. Gorbachev (1985 - 1991),Mykytenko O. (1986-2000),Моортхі А. С.,India,1986-12-23T00:00:00
M. S. Gorbachev (1985 - 1991),Mykytenko O. (1986-2000),"Моравкова, Олена",Czechia,1991-05-20T00:00:00
M. S. Gorbachev (1985 - 1991),Mykytenko O. (1986-2000),"Моралес Савіньйон, Ектор",Mexico,1990-04-23T00:00:00
L. I. Brezhnev (1964 - 1982),Poltoratskyy O. (1958-1971),"Мора, Імре",Hungary,1968-12-31T00:00:00
M. S. Gorbachev (1985 - 1991),Mykytenko O. (1986-2000),"Морган, Гері",USA,1991-12-31T00:00:00
L. I. Brezhnev (1964 - 1982),Korotych V. (1978-1986),"Музафар, Арабула",Turkey,1979-11-22T00:00:00
K. U. Chernenko (1984 - 1985),Korotych V. (1978-1986),"Муньйос, Луке",Colombia,1984-09-24T00:00:00
M. S. Gorbachev (1985 - 1991),Mykytenko O. (1986-2000),"Мурті, Самбанд А.",India,1986-12-23T00:00:00
L. I. Brezhnev (1964 - 1982),Poltoratskyy O. (1958-1971),"Наварро, Ноель",Cuba,1968-12-31T00:00:00
L. I. Brezhnev (1964 - 1982),Poltoratskyy O. (1958-1971),"Найдер, Здіслав",Poland,1969-12-31T00:00:00
L. I. Brezhnev (1964 - 1982),Pavlychko D. (1971-1978),"Накамура, Йоко",Japan,1973-02-05T00:00:00
L. I. Brezhnev (1964 - 1982),Korotych V. (1978-1986),"Насрулла Хафез, Вахід",Afghanistan,1981-11-02T00:00:00
L. I. Brezhnev (1964 - 1982),Pavlychko D. (1971-1978),"Неуважний, Флоріан",Poland,1977-06-02T00:00:00
L. I. Brezhnev (1964 - 1982),Pavlychko D. (1971-1978),Нгуен Тхі Нгок Ту,Vietnam,1977-10-11T00:00:00
L. I. Brezhnev (1964 - 1982),Pavlychko D. (1971-1978),"Неделчева, Маріана",Bulgaria,1977-11-17T00:00:00
Y. V. Andropov (1982 - 1984),Korotych V. (1978-1986),"Неделчу, Мірча",Romania,1983-11-18T00:00:00
L. I. Brezhnev (1964 - 1982),Pavlychko D. (1971-1978),"Нібе, Фумігіко",Japan,1978-06-16T00:00:00
L. I. Brezhnev (1964 - 1982),Poltoratskyy O. (1958-1971),"Ніколеску, Тетяна",Romania,1968-12-31T00:00:00
L. I. Brezhnev (1964 - 1982),Pavlychko D. (1971-1978),"Ніколеску, Тетяна",Romania,1971-12-31T00:00:00
L. I. Brezhnev (1964 - 1982),Pavlychko D. (1971-1978),"Ніколеску, Тетяна",Romania,1976-06-09T00:00:00
L. I. Brezhnev (1964 - 1982),Poltoratskyy O. (1958-1971),"Ніколіч, Мілан",Yugoslavia,1968-12-31T00:00:00
L. I. Brezhnev (1964 - 1982),Poltoratskyy O. (1958-1971),"Ніколіч, Мілан",Yugoslavia,1969-12-31T00:00:00
L. I. Brezhnev (1964 - 1982),Pavlychko D. (1971-1978),"Ніколіч, Мілан",Yugoslavia,1971-08-23T00:00:00
L. I. Brezhnev (1964 - 1982),Pavlychko D. (1971-1978),"Ніколіч, Мілан",Yugoslavia,1974-02-28T00:00:00
L. I. Brezhnev (1964 - 1982),Pavlychko D. (1971-1978),"Нісіо, Кандзі",Japan,1977-09-30T00:00:00
K. U. Chernenko (1984 - 1985),Korotych V. (1978-1986),"Ніцу, Ніколае",Romania,1984-10-26T00:00:00
L. I. Brezhnev (1964 - 1982),Poltoratskyy O. (1958-1971),"Нойман, Роланд",German Democratic Republic,1969-12-31T00:00:00
L. I. Brezhnev (1964 - 1982),Pavlychko D. (1971-1978),"Нуквар, Уттам",Nepal,1975-12-19T00:00:00
M. S. Gorbachev (1985 - 1991),Mykytenko O. (1986-2000),"Овчарек, Богдан",Poland,1987-11-10T00:00:00
L. I. Brezhnev (1964 - 1982),Pavlychko D. (1971-1978),"Огава, Куніо",Japan,1973-10-30T00:00:00
L. I. Brezhnev (1964 - 1982),Pavlychko D. (1971-1978),"Олендська-Фрибесова, Олександра",Poland,1974-05-31T00:00:00
L. I. Brezhnev (1964 - 1982),Poltoratskyy O. (1958-1971),"Оляча, Младен",Yugoslavia,1968-12-31T00:00:00
L. I. Brezhnev (1964 - 1982),Korotych V. (1978-1986),"Орільйо, Уінстон",Peru,1982-10-22T00:00:00
M. S. Gorbachev (1985 - 1991),Mykytenko O. (1986-2000),Отон,Laos,1989-08-16T00:00:00
Y. V. Andropov (1982 - 1984),Korotych V. (1978-1986),"Падгаонкар, Деліп",India,1983-05-12T00:00:00
Y. V. Andropov (1982 - 1984),Korotych V. (1978-1986),"Пайков, Сергей",Bulgaria,1983-04-25T00:00:00
L. I. Brezhnev (1964 - 1982),Pavlychko D. (1971-1978),"Пайкович, Радослав",Yugoslavia,1975-04-25T00:00:00
N. S. Khrushchev (1953 - 1964),Poltoratskyy O. (1958-1971),"Палетак, Лука",Yugoslavia,1960-12-31T00:00:00
M. S. Gorbachev (1985 - 1991),Mykytenko O. (1986-2000),"Палій, Ліда",Canada,1990-09-12T00:00:00
L. I. Brezhnev (1964 - 1982),Pavlychko D. (1971-1978),"Парді, Ал.",Canada,1976-09-22T00:00:00
L. I. Brezhnev (1964 - 1982),Poltoratskyy O. (1958-1971),"Парізе, Гоффредо",Italy,1968-12-31T00:00:00
L. I. Brezhnev (1964 - 1982),Pavlychko D. (1971-1978),"Партанен, Матті",Finland,1975-03-18T00:00:00
L. I. Brezhnev (1964 - 1982),Pavlychko D. (1971-1978),"Петкова, Марія",Bulgaria,1977-11-17T00:00:00
M. S. Gorbachev (1985 - 1991),Mykytenko O. (1986-2000),"Петровац, Іштван",Hungary,1986-11-06T00:00:00
L. I. Brezhnev (1964 - 1982),Poltoratskyy O. (1958-1971),"Пікерт, Хорст",German Democratic Republic,1969-12-31T00:00:00
L. I. Brezhnev (1964 - 1982),Pavlychko D. (1971-1978),"Пілаї, Такажі",India,1974-05-31T00:00:00
L. I. Brezhnev (1964 - 1982),Korotych V. (1978-1986),"Піліоті, Марія",Greece,1978-09-05T00:00:00
L. I. Brezhnev (1964 - 1982),Korotych V. (1978-1986),"Піліотіс, Ахіллеас",Greece,1978-09-05T00:00:00
L. I. Brezhnev (1964 - 1982),Poltoratskyy O. (1958-1971),"Піньотті, Ламберто",Italy,1969-12-31T00:00:00
K. U. Chernenko (1984 - 1985),Korotych V. (1978-1986),"Піперков, Іван Тотев",Bulgaria,1984-09-28T00:00:00
K. U. Chernenko (1984 - 1985),Korotych V. (1978-1986),"Піперков, Іван Тотев",Bulgaria,1984-10-26T00:00:00
L. I. Brezhnev (1964 - 1982),Poltoratskyy O. (1958-1971),"Плавіус, Гейнц",German Democratic Republic,1969-12-31T00:00:00
L. I. Brezhnev (1964 - 1982),Pavlychko D. (1971-1978),"Плавка, Андрей",Czechoslovak Socialist Republic(Slovakia),1973-12-31T00:00:00
Y. V. Andropov (1982 - 1984),Korotych V. (1978-1986),"Пласковітіс, Спірос з дружиною",Greece,1983-10-11T00:00:00
Y. V. Andropov (1982 - 1984),Korotych V. (1978-1986),"Полат, Омер",Turkey,1983-03-23T00:00:00
L. I. Brezhnev (1964 - 1982),Pavlychko D. (1971-1978),"Подгорец, Відое",Yugoslavia,1973-03-26T00:00:00
L. I. Brezhnev (1964 - 1982),Poltoratskyy O. (1958-1971),"Понічан, Ян",Czechoslovak Socialist Republic,1969-12-31T00:00:00
L. I. Brezhnev (1964 - 1982),Poltoratskyy O. (1958-1971),"Поеми ш, Зоф’я",Poland,1969-12-31T00:00:00
M. S. Gorbachev (1985 - 1991),Korotych V. (1978-1986),"Прітам, Сараджіні",India,1985-10-04T00:00:00
Y. V. Andropov (1982 - 1984),Korotych V. (1978-1986),"Проенса Альмагера, Косме",Cuba,1984-02-28T00:00:00
L. I. Brezhnev (1964 - 1982),Pavlychko D. (1971-1978),"Прохаскова, Емілія",Bulgaria,1973-03-19T00:00:00
M. S. Gorbachev (1985 - 1991),Mykytenko O. (1986-2000),Пхань Тхонасон(Пхантхана),Laos,1989-08-16T00:00:00
M. S. Gorbachev (1985 - 1991),Mykytenko O. (1986-2000),Пхілавань,Laos,1989-08-16T00:00:00
M. S. Gorbachev (1985 - 1991),Mykytenko O. (1986-2000),"Пшимановський, Януш",Poland,1989-05-17T00:00:00
L. I. Brezhnev (1964 - 1982),Poltoratskyy O. (1958-1971),"Пясецький, Ян",Poland,1969-12-31T00:00:00
L. I. Brezhnev (1964 - 1982),Poltoratskyy O. (1958-1971),"Радо, Дьєрдь",Hungary,1969-12-31T00:00:00
L. I. Brezhnev (1964 - 1982),Poltoratskyy O. (1958-1971),"Радо, Дьєрдь",Hungary,1971-05-24T00:00:00
M. S. Gorbachev (1985 - 1991),Mykytenko O. (1986-2000),"Радуцький, Віктор",Israel,1990-08-10T00:00:00
M. S. Gorbachev (1985 - 1991),Mykytenko O. (1986-2000),"Рай, Ладжпат",India,1986-12-23T00:00:00
M. S. Gorbachev (1985 - 1991),Mykytenko O. (1986-2000),"Райдер, Джон Р.",USA,1991-03-29T00:00:00
K. U. Chernenko (1984 - 1985),Korotych V. (1978-1986),"Раймундо Респаль, Фіва",Cuba,1984-06-29T00:00:00
Y. V. Andropov (1982 - 1984),Korotych V. (1978-1986),"Расмусен, Оле",Denmark,1983-06-01T00:00:00
M. S. Gorbachev (1985 - 1991),Mykytenko O. (1986-2000),"Рейффель, Лен(Леонард)",USA,1990-11-13T00:00:00
M. S. Gorbachev (1985 - 1991),Mykytenko O. (1986-2000),"Рейффель, Ненсі",USA,1990-11-13T00:00:00
L. I. Brezhnev (1964 - 1982),Poltoratskyy O. (1958-1971),"Ремус, Лука",Romania,1968-12-31T00:00:00
K. U. Chernenko (1984 - 1985),Korotych V. (1978-1986),"Репіладо, Рікардо",Cuba,1984-06-29T00:00:00
L. I. Brezhnev (1964 - 1982),Pavlychko D. (1971-1978),"Реті, Еріка",Hungary,1978-05-30T00:00:00
L. I. Brezhnev (1964 - 1982),Pavlychko D. (1971-1978),"Рибак, Йозеф",Czechoslovak Socialist Republic(Czechia),1975-06-12T00:00:00
Y. V. Andropov (1982 - 1984),Korotych V. (1978-1986),"Рига, Джордж з дружиною",Canada,1983-05-17T00:00:00
L. I. Brezhnev (1964 - 1982),Pavlychko D. (1971-1978),"Рід, Поль П.",England,1974-05-31T00:00:00
M. S. Gorbachev (1985 - 1991),Mykytenko O. (1986-2000),"Рідер, Джон Р.",USA,1991-12-31T00:00:00
M. S. Gorbachev (1985 - 1991),Mykytenko O. (1986-2000),"Різк, Різк",Lebanon,1986-12-12T00:00:00
L. I. Brezhnev (1964 - 1982),Pavlychko D. (1971-1978),"Ріхтер, Манфред",German Democratic Republic,1974-08-30T00:00:00
L. I. Brezhnev (1964 - 1982),Pavlychko D. (1971-1978),"Ріхтер, Інгрід",German Democratic Republic,1974-08-30T00:00:00
L. I. Brezhnev (1964 - 1982),Korotych V. (1978-1986),"Роті, М.Сіддіг",Afghanistan,1978-10-19T00:00:00
L. I. Brezhnev (1964 - 1982),Korotych V. (1978-1986),"Родель, Ольга",France,1982-01-27T00:00:00
K. U. Chernenko (1984 - 1985),Korotych V. (1978-1986),"Родрігес Коронель, Рохеліо",Cuba,1984-06-29T00:00:00
Y. V. Andropov (1982 - 1984),Korotych V. (1978-1986),"Родрігес Рівера, Гільєрмо",Cuba,1983-06-16T00:00:00
K. U. Chernenko (1984 - 1985),Korotych V. (1978-1986),"Роман, Міхал",Czechoslovak Socialist Republic(Slovakia),1984-03-15T00:00:00
L. I. Brezhnev (1964 - 1982),Pavlychko D. (1971-1978),"Ромеро, Еліо",Paraguay,1973-11-05T00:00:00
M. S. Gorbachev (1985 - 1991),Mykytenko O. (1986-2000),"Рошвалб, Сьюзанне",USA,1991-03-29T00:00:00
M. S. Gorbachev (1985 - 1991),Mykytenko O. (1986-2000),"Рук, Катарина Ангелайті",Greece,1989-05-15T00:00:00
L. I. Brezhnev (1964 - 1982),Korotych V. (1978-1986),"Рухі, Мухаммед Садик",Afghanistan,1982-11-02T00:00:00
L. I. Brezhnev (1964 - 1982),Pavlychko D. (1971-1978),"Сааріца, Пентті",Finland,1976-04-27T00:00:00
L. I. Brezhnev (1964 - 1982),Poltoratskyy O. (1958-1971),"Савой, Леоне Пачіні",Italy,1968-12-31T00:00:00
L. I. Brezhnev (1964 - 1982),Poltoratskyy O. (1958-1971),"Сагай, Раггувір",India,1971-05-27T00:00:00
L. I. Brezhnev (1964 - 1982),Pavlychko D. (1971-1978),"Садковський, Вацлав",Poland,1973-12-31T00:00:00
Y. V. Andropov (1982 - 1984),Korotych V. (1978-1986),"Сато, Кайто",Japan,1983-04-27T00:00:00
L. I. Brezhnev (1964 - 1982),Poltoratskyy O. (1958-1971),"Саф’як, Збігнєв",Poland,1969-12-31T00:00:00
L. I. Brezhnev (1964 - 1982),Pavlychko D. (1971-1978),"Сахаі, Раджувір",India,1976-05-27T00:00:00
L. I. Brezhnev (1964 - 1982),Pavlychko D. (1971-1978),Сехановіс,India,1974-05-31T00:00:00
M. S. Gorbachev (1985 - 1991),Mykytenko O. (1986-2000),"Сивіцький, Микола",Poland,1989-10-24T00:00:00
L. I. Brezhnev (1964 - 1982),Poltoratskyy O. (1958-1971),"Синтимбряну, Мірче",Romania,1968-12-31T00:00:00
L. I. Brezhnev (1964 - 1982),Poltoratskyy O. (1958-1971),"Сиркар, Бадал",India,1969-12-31T00:00:00
L. I. Brezhnev (1964 - 1982),Pavlychko D. (1971-1978),"Сіккінен, Кейо",Finland,1975-03-18T00:00:00
Y. V. Andropov (1982 - 1984),Korotych V. (1978-1986),"Сімов, Пенчо",Bulgaria,1983-03-21T00:00:00
L. I. Brezhnev (1964 - 1982),Pavlychko D. (1971-1978),"Сінг, Навтедж",India,1974-09-25T00:00:00
L. I. Brezhnev (1964 - 1982),Pavlychko D. (1971-1978),"Сінгх, Аттар",India,1974-05-31T00:00:00
Y. V. Andropov (1982 - 1984),Korotych V. (1978-1986),"Сінгх, Прітам",India,1983-07-01T00:00:00
L. I. Brezhnev (1964 - 1982),Poltoratskyy O. (1958-1971),"Сінгх, Сардар Мохан",India,1969-12-31T00:00:00
L. I. Brezhnev (1964 - 1982),Pavlychko D. (1971-1978),"Сірулес, Енріке",Cuba,1974-03-18T00:00:00
M. S. Gorbachev (1985 - 1991),Mykytenko O. (1986-2000),"Скочек, Тадеуш",Poland,1989-06-26T00:00:00
L. I. Brezhnev (1964 - 1982),Pavlychko D. (1971-1978),"Скрипник, Марія",Canada,1976-08-06T00:00:00
M. S. Gorbachev (1985 - 1991),Korotych V. (1978-1986),"Слітнер, Карл",Federal Republic of Germany,1986-04-23T00:00:00
M. S. Gorbachev (1985 - 1991),Mykytenko O. (1986-2000),"Смащ, Вольдемар з дружиною",Poland,1991-08-06T00:00:00
M. S. Gorbachev (1985 - 1991),Mykytenko O. (1986-2000),"Смете, Йос",Belgium,1988-06-27T00:00:00
L. I. Brezhnev (1964 - 1982),Korotych V. (1978-1986),"Сміт, Вільям Джей",USA,1981-04-10T00:00:00
L. I. Brezhnev (1964 - 1982),Poltoratskyy O. (1958-1971),"Смолярек, Вітольд",Poland,1968-12-31T00:00:00
L. I. Brezhnev (1964 - 1982),Poltoratskyy O. (1958-1971),"Солер, Кармен",Paraguay,1968-12-31T00:00:00
K. U. Chernenko (1984 - 1985),Korotych V. (1978-1986),"Солер Пуїг, Хосе з дружиною",Cuba,1984-06-29T00:00:00
L. I. Brezhnev (1964 - 1982),Pavlychko D. (1971-1978),"Соммер, Пьотр",Poland,1976-04-20T00:00:00
L. I. Brezhnev (1964 - 1982),Pavlychko D. (1971-1978),"Сореску, Марин",Romania,1976-12-17T00:00:00
K. U. Chernenko (1984 - 1985),Korotych V. (1978-1986),"Соукупова, Зузана",Czechoslovak Socialist Republic(Czechia),1984-04-05T00:00:00
Y. V. Andropov (1982 - 1984),Korotych V. (1978-1986),"Соя, Кійосі",Japan,1983-04-27T00:00:00
L. I. Brezhnev (1964 - 1982),Pavlychko D. (1971-1978),"Спасов, Іван",Bulgaria,1975-06-02T00:00:00
L. I. Brezhnev (1964 - 1982),Poltoratskyy O. (1958-1971),"Сталєв, Георгі",Yugoslavia,1968-12-31T00:00:00
L. I. Brezhnev (1964 - 1982),Poltoratskyy O. (1958-1971),"Стефанович, Міленко",Yugoslavia,1971-01-27T00:00:00
Y. V. Andropov (1982 - 1984),Korotych V. (1978-1986),"Стінус, Ерік",Denmark,1983-06-01T00:00:00
L. I. Brezhnev (1964 - 1982),Pavlychko D. (1971-1978),"Стоберський, Зигмунт",Poland,1973-12-31T00:00:00
L. I. Brezhnev (1964 - 1982),Korotych V. (1978-1986),"Стоун, Ірвін з дружиною",USA,1982-07-29T00:00:00
M. S. Gorbachev (1985 - 1991),Korotych V. (1978-1986),Су Хан,China,1986-01-25T00:00:00
M. S. Gorbachev (1985 - 1991),Korotych V. (1978-1986),Су Хан,China,1986-02-17T00:00:00
M. S. Gorbachev (1985 - 1991),Korotych V. (1978-1986),Суан Зієу,Vietnam,1985-05-24T00:00:00
L. I. Brezhnev (1964 - 1982),Poltoratskyy O. (1958-1971),"Суардіас, Лука",Cuba,1969-12-31T00:00:00
M. S. Gorbachev (1985 - 1991),Mykytenko O. (1986-2000),"Суботіна, Лідія",Yugoslavia,1990-08-16T00:00:00
L. I. Brezhnev (1964 - 1982),Poltoratskyy O. (1958-1971),"Суліма, Pox",Poland,1969-12-31T00:00:00
M. S. Gorbachev (1985 - 1991),Mykytenko O. (1986-2000),Сунь Шен-у,China,1989-07-27T00:00:00
L. I. Brezhnev (1964 - 1982),Pavlychko D. (1971-1978),"Суровська, Барбара",Poland,1976-04-20T00:00:00
M. S. Gorbachev (1985 - 1991),Mykytenko O. (1986-2000),Сюй Лейжань,China,1989-07-27T00:00:00
L. I. Brezhnev (1964 - 1982),Pavlychko D. (1971-1978),"Таберман, Томмю",Finland,1976-04-28T00:00:00
L. I. Brezhnev (1964 - 1982),Poltoratskyy O. (1958-1971),"Тавіль, Нікола",Lebanon,1969-12-31T00:00:00
Y. V. Andropov (1982 - 1984),Korotych V. (1978-1986),"Тавіль, Нікола",Palestine,1983-08-12T00:00:00
L. I. Brezhnev (1964 - 1982),Pavlychko D. (1971-1978),"Такаі, Юіті",Japan,1977-09-30T00:00:00
L. I. Brezhnev (1964 - 1982),Pavlychko D. (1971-1978),"Такубо, Хідео",Japan,1973-10-30T00:00:00
M. S. Gorbachev (1985 - 1991),Korotych V. (1978-1986),Тань Делін,China,1986-01-25T00:00:00
M. S. Gorbachev (1985 - 1991),Mykytenko O. (1986-2000),"Тарнавська, Марта",USA,1990-08-20T00:00:00
M. S. Gorbachev (1985 - 1991),Mykytenko O. (1986-2000),"Тарнавський, Остап",USA,1989-10-02T00:00:00
M. S. Gorbachev (1985 - 1991),Mykytenko O. (1986-2000),"Тауро дель Піно, Альберто",Peru,1989-08-21T00:00:00
M. S. Gorbachev (1985 - 1991),Mykytenko O. (1986-2000),"Тгампі, Падманавган Васудеван",India,1989-10-16T00:00:00
L. I. Brezhnev (1964 - 1982),Pavlychko D. (1971-1978),"Тендулькар, Віджей",India,1974-05-31T00:00:00
L. I. Brezhnev (1964 - 1982),Korotych V. (1978-1986),"Теркел, Стадс",USA,1982-07-29T00:00:00
L. I. Brezhnev (1964 - 1982),Korotych V. (1978-1986),"Теркел, їда",USA,1982-07-29T00:00:00
M. S. Gorbachev (1985 - 1991),Mykytenko O. (1986-2000),"Ткач, Юрій",Australia,1988-03-22T00:00:00
L. I. Brezhnev (1964 - 1982),Pavlychko D. (1971-1978),"Томанова, Мирослава",Czechoslovak Socialist Republic(Czechia),1974-11-14T00:00:00
K. U. Chernenko (1984 - 1985),Korotych V. (1978-1986),"Траянов, Христо",Bulgaria,1984-09-28T00:00:00
L. I. Brezhnev (1964 - 1982),Poltoratskyy O. (1958-1971),"Трухановський, Казимір",Poland,1969-12-31T00:00:00
K. U. Chernenko (1984 - 1985),Korotych V. (1978-1986),"Тулгатогоо, Борин",Mongolia,1984-10-26T00:00:00
L. I. Brezhnev (1964 - 1982),Poltoratskyy O. (1958-1971),"Тунджер, Дженгіз",Turkey,1968-12-31T00:00:00
M. S. Gorbachev (1985 - 1991),Korotych V. (1978-1986),Тхань Тхао,Vietnam,1985-05-24T00:00:00
L. I. Brezhnev (1964 - 1982),Pavlychko D. (1971-1978),У Е Мьїн,Myanmar,1974-10-23T00:00:00
L. I. Brezhnev (1964 - 1982),Poltoratskyy O. (1958-1971),"Угаров, Григор",Bulgaria,1968-12-31T00:00:00
K. U. Chernenko (1984 - 1985),Korotych V. (1978-1986),"Уерту, Давід",Mexico,1984-11-20T00:00:00
L. I. Brezhnev (1964 - 1982),Pavlychko D. (1971-1978),"Унгур, Александру",Romania,1971-10-21T00:00:00
M. S. Gorbachev (1985 - 1991),Mykytenko O. (1986-2000),"Урбан, Давид",Hungary,1987-09-02T00:00:00
Y. V. Andropov (1982 - 1984),Korotych V. (1978-1986),"Урікару, Еуген",Romania,1983-10-26T00:00:00
M. S. Gorbachev (1985 - 1991),Mykytenko O. (1986-2000),"Фабр, Мішель",France,1989-07-11T00:00:00
M. S. Gorbachev (1985 - 1991),Mykytenko O. (1986-2000),"Фажі, Аніко",Hungary,1988-07-01T00:00:00
M. S. Gorbachev (1985 - 1991),Mykytenko O. (1986-2000),"Файнберг, Беррі М.",USA,1991-03-29T00:00:00
Y. V. Andropov (1982 - 1984),Korotych V. (1978-1986),"Фалада, Вацлав",Czechoslovak Socialist Republic(Czechia),1983-06-08T00:00:00
M. S. Gorbachev (1985 - 1991),Mykytenko O. (1986-2000),"Фалада, Вацлав",Czechoslovak Socialist Republic(Czechia),1988-06-29T00:00:00
L. I. Brezhnev (1964 - 1982),Pavlychko D. (1971-1978),"Фалла, Хуліа",Peru,1977-05-20T00:00:00
M. S. Gorbachev (1985 - 1991),Korotych V. (1978-1986),Фан Нгок Канв,Vietnam,1985-05-24T00:00:00
L. I. Brezhnev (1964 - 1982),Pavlychko D. (1971-1978),Фан Тхі Тхань Нян,Vietnam,1977-10-11T00:00:00
M. S. Gorbachev (1985 - 1991),Mykytenko O. (1986-2000),"Федлер, Фред",USA,1991-03-29T00:00:00
L. I. Brezhnev (1964 - 1982),Pavlychko D. (1971-1978),"Фелдек, Любомир",Czechoslovak Socialist Republic(Slovakia),1978-06-16T00:00:00
L. I. Brezhnev (1964 - 1982),Korotych V. (1978-1986),"Феррер, Рауль",Cuba,1982-04-16T00:00:00
M. S. Gorbachev (1985 - 1991),Mykytenko O. (1986-2000),"Ферріс, Р. Вільям",USA,1989-07-11T00:00:00
L. I. Brezhnev (1964 - 1982),Poltoratskyy O. (1958-1971),"Фінкельстайн, Сідні",USA,1968-12-31T00:00:00
M. S. Gorbachev (1985 - 1991),Korotych V. (1978-1986),"Фістер, Карл",Federal Republic of Germany,1986-04-23T00:00:00
M. S. Gorbachev (1985 - 1991),Mykytenko O. (1986-2000),"Фішбейн, Мойсей",Federal Republic of Germany,1989-10-17T00:00:00
L. I. Brezhnev (1964 - 1982),Poltoratskyy O. (1958-1971),"Фортунеску, Мадлен",Romania,1968-12-31T00:00:00
M. S. Gorbachev (1985 - 1991),Mykytenko O. (1986-2000),"Фрай, Нортроп",Canada,1988-10-12T00:00:00
M. S. Gorbachev (1985 - 1991),Mykytenko O. (1986-2000),"Фрай, Елізабет",Canada,1988-10-12T00:00:00
M. S. Gorbachev (1985 - 1991),Mykytenko O. (1986-2000),"Фрезер, Стьюарт",Australia,1989-02-14T00:00:00
L. I. Brezhnev (1964 - 1982),Pavlychko D. (1971-1978),"Фумігіко, Нібе",Japan,1978-06-16T00:00:00
Y. V. Andropov (1982 - 1984),Korotych V. (1978-1986),"Футамі, Ясує",Japan,1983-04-27T00:00:00
L. I. Brezhnev (1964 - 1982),Pavlychko D. (1971-1978),"Хайдар, Куратулійн",India,1974-05-31T00:00:00
L. I. Brezhnev (1964 - 1982),Pavlychko D. (1971-1978),"Харра, Тайсто",Finland,1976-11-30T00:00:00
L. I. Brezhnev (1964 - 1982),Pavlychko D. (1971-1978),"Хейлі, Артур",USA,1977-07-08T00:00:00
M. S. Gorbachev (1985 - 1991),Mykytenko O. (1986-2000),"Хінгаміре, Будданна",India,1989-12-15T00:00:00
Y. V. Andropov (1982 - 1984),Korotych V. (1978-1986),"Хікіта, Норіко",Japan,1983-04-27T00:00:00
L. I. Brezhnev (1964 - 1982),Pavlychko D. (1971-1978),"Хлєбовський, Цезар",Poland,1971-09-18T00:00:00
K. U. Chernenko (1984 - 1985),Korotych V. (1978-1986),"Хорват, Міклош",Hungary,1984-10-26T00:00:00
M. S. Gorbachev (1985 - 1991),Mykytenko O. (1986-2000),"Хоцопан, Шандор",Hungary,1988-11-02T00:00:00
M. S. Gorbachev (1985 - 1991),Korotych V. (1978-1986),"Христов, Венко",Bulgaria,1985-07-14T00:00:00
M. S. Gorbachev (1985 - 1991),Mykytenko O. (1986-2000),"Хуан Качесес, В.",Peru,1990-03-02T00:00:00
M. S. Gorbachev (1985 - 1991),Mykytenko O. (1986-2000),"Хуан Санчес, Хосе",Costa Rica,1990-09-02T00:00:00
Y. V. Andropov (1982 - 1984),Korotych V. (1978-1986),"Хьольдтке, Зігфрід",German Democratic Republic,1983-08-30T00:00:00
K. U. Chernenko (1984 - 1985),Korotych V. (1978-1986),"Хьольдтке, Зігфрід",German Democratic Republic,1984-10-26T00:00:00
M. S. Gorbachev (1985 - 1991),Mykytenko O. (1986-2000),Цао Сулін,China,1988-06-29T00:00:00
M. S. Gorbachev (1985 - 1991),Mykytenko O. (1986-2000),"Цайглер, Лінда",USA,1991-03-29T00:00:00
L. I. Brezhnev (1964 - 1982),Pavlychko D. (1971-1978),"Цайслер, Армій",German Democratic Republic,1973-10-12T00:00:00
L. I. Brezhnev (1964 - 1982),Pavlychko D. (1971-1978),"Цайслер, Армій",German Democratic Republic,1976-04-28T00:00:00
L. I. Brezhnev (1964 - 1982),Pavlychko D. (1971-1978),"Цекович, Іван",Yugoslavia,1973-03-26T00:00:00
M. S. Gorbachev (1985 - 1991),Mykytenko O. (1986-2000),Цзян Лу,China,1989-07-27T00:00:00
L. I. Brezhnev (1964 - 1982),Poltoratskyy O. (1958-1971),"Ціммерінг, Макс",German Democratic Republic,1968-12-31T00:00:00
L. I. Brezhnev (1964 - 1982),Poltoratskyy O. (1958-1971),"Ціммерінг, Макс",German Democratic Republic,1969-12-31T00:00:00
L. I. Brezhnev (1964 - 1982),Poltoratskyy O. (1958-1971),"Цірке, Гайнц Юрген",German Democratic Republic,1969-12-31T00:00:00
M. S. Gorbachev (1985 - 1991),Mykytenko O. (1986-2000),"Цонев, Васіл",Bulgaria,1987-06-14T00:00:00
M. S. Gorbachev (1985 - 1991),Mykytenko O. (1986-2000),Цянь Чжунвень,China,1988-03-23T00:00:00
M. S. Gorbachev (1985 - 1991),Mykytenko O. (1986-2000),"Чаглар, Юксель",Turkey,1990-04-11T00:00:00
M. S. Gorbachev (1985 - 1991),Korotych V. (1978-1986),"Чакраборті, Джаганнатх",India,1986-01-24T00:00:00
M. S. Gorbachev (1985 - 1991),Mykytenko O. (1986-2000),Чень Сиюн,China,1989-07-27T00:00:00
M. S. Gorbachev (1985 - 1991),Mykytenko O. (1986-2000),"Черненко-Рудницька, Олександра",Canada,1990-08-07T00:00:00
L. I. Brezhnev (1964 - 1982),Poltoratskyy O. (1958-1971),"Чиж, Маріо",Uruguay,1968-12-31T00:00:00
L. I. Brezhnev (1964 - 1982),Pavlychko D. (1971-1978),Чоккалінгам,India,1974-05-31T00:00:00
L. I. Brezhnev (1964 - 1982),Poltoratskyy O. (1958-1971),"Чоллек, Вальтер",German Democratic Republic,1968-12-31T00:00:00
L. I. Brezhnev (1964 - 1982),Korotych V. (1978-1986),Чопра Д. В.,India,1981-05-23T00:00:00
L. I. Brezhnev (1964 - 1982),Korotych V. (1978-1986),"Чудаї, Чаба",Hungary,1982-10-22T00:00:00
L. I. Brezhnev (1964 - 1982),Pavlychko D. (1971-1978),"Шандор, Ласло",Hungary,1973-10-19T00:00:00
L. I. Brezhnev (1964 - 1982),Poltoratskyy O. (1958-1971),Шанму гавел М.,India,1971-05-27T00:00:00
L. I. Brezhnev (1964 - 1982),Pavlychko D. (1971-1978),"Швенкова, Вієра",Czechoslovak Socialist Republic(Slovakia),1977-12-16T00:00:00
L. I. Brezhnev (1964 - 1982),Korotych V. (1978-1986),"Шевальє, Ані",France,1981-09-11T00:00:00
M. S. Gorbachev (1985 - 1991),Mykytenko O. (1986-2000),"Шего, Крашемир",Yugoslavia(Herzegovina),1989-06-27T00:00:00
M. S. Gorbachev (1985 - 1991),Korotych V. (1978-1986),"Шеріф, Мохаммед",India,1986-03-12T00:00:00
Y. V. Andropov (1982 - 1984),Korotych V. (1978-1986),"Шехаде, Мухаммед",Palestine,1984-01-20T00:00:00
L. I. Brezhnev (1964 - 1982),Pavlychko D. (1971-1978),Шленкер Ю.,German Democratic Republic,1975-12-31T00:00:00
L. I. Brezhnev (1964 - 1982),Poltoratskyy O. (1958-1971),"Шмідер, Майке",German Democratic Republic,1969-12-31T00:00:00
L. I. Brezhnev (1964 - 1982),Poltoratskyy O. (1958-1971),"Шмідт, Маріанне",German Democratic Republic,1969-12-31T00:00:00
L. I. Brezhnev (1964 - 1982),Korotych V. (1978-1986),"Шмідт, Маріанне",German Democratic Republic,1981-12-04T00:00:00
L. I. Brezhnev (1964 - 1982),Korotych V. (1978-1986),"Шнайдер(Кравцец), Марія",German Democratic Republic,1981-12-04T00:00:00
L. I. Brezhnev (1964 - 1982),Poltoratskyy O. (1958-1971),"Шолц, Ото",Yugoslavia,1969-12-31T00:00:00
L. I. Brezhnev (1964 - 1982),Poltoratskyy O. (1958-1971),"Шпендер, Вольдемар",German Democratic Republic,1969-12-31T00:00:00
L. I. Brezhnev (1964 - 1982),Korotych V. (1978-1986),"Шпігель, Йорн",German Democratic Republic,1981-12-04T00:00:00
K. U. Chernenko (1984 - 1985),Korotych V. (1978-1986),"Штайманн, Ганс Юрген",German Democratic Republic,1984-10-29T00:00:00
M. S. Gorbachev (1985 - 1991),Mykytenko O. (1986-2000),"Шульц, Бернгард",Federal Republic of Germany,1991-10-22T00:00:00
L. I. Brezhnev (1964 - 1982),Pavlychko D. (1971-1978),"Штіллер, Роберт",German Democratic Republic,1973-10-12T00:00:00
L. I. Brezhnev (1964 - 1982),Pavlychko D. (1971-1978),"Шьоне, Гізела",German Democratic Republic,1976-04-28T00:00:00
L. I. Brezhnev (1964 - 1982),Pavlychko D. (1971-1978),"Шьоне, Гізела",German Democratic Republic,1977-06-07T00:00:00
Y. V. Andropov (1982 - 1984),Korotych V. (1978-1986),"Щепанскі, Герда",West Berlin,1983-12-16T00:00:00
L. I. Brezhnev (1964 - 1982),Poltoratskyy O. (1958-1971),"Юаса, Єсіко",Japan,1968-12-31T00:00:00
M. S. Gorbachev (1985 - 1991),Korotych V. (1978-1986),"Юзларі, Емілія",Bulgaria,1985-10-30T00:00:00
M. S. Gorbachev (1985 - 1991),Mykytenko O. (1986-2000),"Яворський, Віт",Poland,1989-06-26T00:00:00
K. U. Chernenko (1984 - 1985),Korotych V. (1978-1986),"Яноудова, Гана",Czechoslovak Socialist Republic(Czechia),1984-12-13T00:00:00
L. I. Brezhnev (1964 - 1982),Poltoratskyy O. (1958-1971),"Ячев, Ристо",Yugoslavia,1969-12-31T00:00:00
